tahun,listrik_gwh
2025,316474.2503053516
2026,326728.9015063047
2027,336983.3736059872
2028,347237.66660752724
2029,357491.7805140529
2030,367745.71532869205
